-- phpMyAdmin SQL Dump
-- version 4.7.4
-- https://www.phpmyadmin.net/
--
-- Host: 127.0.0.1
-- Generation Time: 02 Mar 2018 pada 04.19
-- Versi Server: 10.1.29-MariaDB
-- PHP Version: 7.2.0

SET SQL_MODE = "NO_AUTO_VALUE_ON_ZERO";
SET AUTOCOMMIT = 0;
START TRANSACTION;
SET time_zone = "+00:00";


/*!40101 SET @OLD_CHARACTER_SET_CLIENT=@@CHARACTER_SET_CLIENT */;
/*!40101 SET @OLD_CHARACTER_SET_RESULTS=@@CHARACTER_SET_RESULTS */;
/*!40101 SET @OLD_COLLATION_CONNECTION=@@COLLATION_CONNECTION */;
/*!40101 SET NAMES utf8mb4 */;

--
-- Database: `topsis`
--

-- --------------------------------------------------------

--
-- Struktur dari tabel `tab_alternatif`
--

CREATE TABLE `tab_alternatif` (
  `id_alternatif` varchar(10) NOT NULL,
  `nama_alternatif` varchar(50) NOT NULL
) ENGINE=InnoDB DEFAULT CHARSET=latin1;

--
-- Dumping data untuk tabel `tab_alternatif`
--

INSERT INTO `tab_alternatif` (`id_alternatif`, `nama_alternatif`) VALUES
('1', 'alan'),
('2', 'hensap'),
('3', 'marcel');

-- --------------------------------------------------------

--
-- Struktur dari tabel `tab_kriteria`
--

CREATE TABLE `tab_kriteria` (
  `id_kriteria` varchar(10) NOT NULL,
  `nama_kriteria` varchar(50) NOT NULL,
  `bobot` float NOT NULL
) ENGINE=InnoDB DEFAULT CHARSET=latin1;

--
-- Dumping data untuk tabel `tab_kriteria`
--

INSERT INTO `tab_kriteria` (`id_kriteria`, `nama_kriteria`, `bobot`) VALUES
('1', 'tinggi badan', 6),
('2', 'postur badan', 3),
('3', 'model kaki', 5);

-- --------------------------------------------------------

--
-- Struktur dari tabel `tab_poin`
--

CREATE TABLE `tab_poin` (
  `id_poin` varchar(10) NOT NULL,
  `poin` varchar(10) NOT NULL
) ENGINE=InnoDB DEFAULT CHARSET=latin1;

--
-- Dumping data untuk tabel `tab_poin`
--

INSERT INTO `tab_poin` (`id_poin`, `poin`) VALUES
('1', '4'),
('2', '3'),
('3', '5');

-- --------------------------------------------------------

--
-- Struktur dari tabel `tab_topsis`
--

CREATE TABLE `tab_topsis` (
  `id_alternatif` varchar(10) NOT NULL,
  `id_kriteria` varchar(10) NOT NULL,
  `nilai` float NOT NULL
) ENGINE=InnoDB DEFAULT CHARSET=latin1;

--
-- Dumping data untuk tabel `tab_topsis`
--

INSERT INTO `tab_topsis` (`id_alternatif`, `id_kriteria`, `nilai`) VALUES
('1', '1', 3),
('1', '2', 1),
('1', '3', 3),
('2', '1', 3),
('2', '2', 2),
('2', '3', 3),
('3', '1', 1),
('3', '2', 1),
('3', '3', 2);

--
-- Indexes for dumped tables
--

--
-- Indexes for table `tab_alternatif`
--
ALTER TABLE `tab_alternatif`
  ADD PRIMARY KEY (`id_alternatif`);

--
-- Indexes for table `tab_kriteria`
--
ALTER TABLE `tab_kriteria`
  ADD PRIMARY KEY (`id_kriteria`);

--
-- Indexes for table `tab_poin`
--
ALTER TABLE `tab_poin`
  ADD PRIMARY KEY (`id_poin`);

--
-- Indexes for table `tab_topsis`
--
ALTER TABLE `tab_topsis`
  ADD PRIMARY KEY (`id_alternatif`,`id_kriteria`);
COMMIT;

/*!40101 SET CHARACTER_SET_CLIENT=@OLD_CHARACTER_SET_CLIENT */;
/*!40101 SET CHARACTER_SET_RESULTS=@OLD_CHARACTER_SET_RESULTS */;
/*!40101 SET COLLATION_CONNECTION=@OLD_COLLATION_CONNECTION */;
